EOIR received, groundMovers, in, 1339, us
EOIR received, heartbeat, in, 1267, us
EOIR received, heartbeat, in, 1565, us
EOIR received, updateMissionPlan, in, 1518, us
EOIR received, groundMovers, in, 1569, us
EOIR received, groundMovers, in, 804, us
EOIR received, groundMovers, in, 796, us
EOIR received, groundMovers, in, 805, us
EOIR received, groundMovers, in, 803, us
EOIR received, groundMovers, in, 793, us
EOIR received, groundMovers, in, 866, us
EOIR received, groundMovers, in, 742, us
EOIR received, groundMovers, in, 756, us
EOIR received, groundMovers, in, 765, us
EOIR received, groundMovers, in, 674, us
EOIR received, groundMovers, in, 775, us
EOIR received, groundMovers, in, 712, us
EOIR received, groundMovers, in, 733, us
EOIR received, groundMovers, in, 649, us
EOIR received, groundMovers, in, 785, us
EOIR received, groundMovers, in, 758, us
EOIR received, groundMovers, in, 726, us
EOIR received, groundMovers, in, 805, us
EOIR received, groundMovers, in, 757, us
EOIR received, groundMovers, in, 940, us
EOIR received, groundMovers, in, 987, us
EOIR received, groundMovers, in, 788, us
EOIR received, groundMovers, in, 868, us
EOIR received, groundMovers, in, 932, us
EOIR received, groundMovers, in, 989, us
EOIR received, groundMovers, in, 790, us
EOIR received, groundMovers, in, 850, us
EOIR received, groundMovers, in, 838, us
EOIR received, groundMovers, in, 851, us
EOIR received, groundMovers, in, 927, us
EOIR received, groundMovers, in, 812, us
EOIR received, groundMovers, in, 795, us
EOIR received, groundMovers, in, 863, us
EOIR received, groundMovers, in, 877, us
EOIR received, groundMovers, in, 787, us
EOIR received, groundMovers, in, 1001, us
EOIR received, groundMovers, in, 764, us
EOIR received, groundMovers, in, 820, us
EOIR received, groundMovers, in, 705, us
EOIR received, groundMovers, in, 806, us
EOIR received, groundMovers, in, 877, us
EOIR received, groundMovers, in, 811, us
EOIR received, groundMovers, in, 831, us
EOIR received, groundMovers, in, 729, us
EOIR received, groundMovers, in, 800, us
EOIR received, groundMovers, in, 775, us
EOIR received, groundMovers, in, 916, us
EOIR received, groundMovers, in, 805, us
EOIR received, groundMovers, in, 709, us
EOIR received, groundMovers, in, 689, us
EOIR received, groundMovers, in, 775, us
EOIR received, groundMovers, in, 760, us
EOIR received, groundMovers, in, 787, us
EOIR received, groundMovers, in, 733, us
EOIR received, groundMovers, in, 829, us
EOIR received, groundMovers, in, 675, us
EOIR received, groundMovers, in, 793, us
EOIR received, groundMovers, in, 674, us
EOIR received, groundMovers, in, 726, us
EOIR received, groundMovers, in, 610, us
EOIR received, groundMovers, in, 687, us
EOIR received, groundMovers, in, 943, us
EOIR received, groundMovers, in, 831, us
EOIR received, groundMovers, in, 735, us
EOIR received, groundMovers, in, 695, us
EOIR received, groundMovers, in, 842, us
EOIR received, groundMovers, in, 820, us
EOIR received, groundMovers, in, 984, us
EOIR received, groundMovers, in, 863, us
EOIR received, groundMovers, in, 918, us
EOIR received, groundMovers, in, 931, us
EOIR received, groundMovers, in, 787, us
EOIR received, groundMovers, in, 763, us
EOIR received, groundMovers, in, 706, us
EOIR received, groundMovers, in, 888, us
EOIR received, groundMovers, in, 792, us
EOIR received, groundMovers, in, 721, us
EOIR received, groundMovers, in, 854, us
EOIR received, groundMovers, in, 1004, us
EOIR received, groundMovers, in, 861, us
EOIR received, groundMovers, in, 746, us
EOIR received, groundMovers, in, 638, us
EOIR received, groundMovers, in, 648, us
EOIR received, groundMovers, in, 636, us
EOIR received, groundMovers, in, 625, us
EOIR received, groundMovers, in, 787, us
EOIR received, groundMovers, in, 851, us
EOIR received, groundMovers, in, 755, us
EOIR received, groundMovers, in, 836, us
EOIR received, groundMovers, in, 758, us
EOIR received, groundMovers, in, 753, us
EOIR received, groundMovers, in, 741, us
EOIR received, groundMovers, in, 789, us
EOIR received, groundMovers, in, 884, us
EOIR received, groundMovers, in, 801, us
EOIR received, groundMovers, in, 901, us
EOIR received, groundMovers, in, 947, us
EOIR received, groundMovers, in, 803, us
EOIR received, groundMovers, in, 915, us
EOIR received, groundMovers, in, 849, us
EOIR received, groundMovers, in, 867, us
EOIR received, groundMovers, in, 878, us
EOIR received, groundMovers, in, 780, us
EOIR received, groundMovers, in, 741, us
EOIR received, groundMovers, in, 701, us
EOIR received, groundMovers, in, 820, us
EOIR received, groundMovers, in, 813, us
EOIR received, groundMovers, in, 737, us
EOIR received, groundMovers, in, 729, us
EOIR received, groundMovers, in, 683, us
EOIR received, groundMovers, in, 769, us
EOIR received, groundMovers, in, 568, us
EOIR received, groundMovers, in, 753, us
EOIR received, groundMovers, in, 806, us
EOIR received, groundMovers, in, 855, us
EOIR received, groundMovers, in, 767, us
EOIR received, groundMovers, in, 657, us
EOIR received, groundMovers, in, 816, us
EOIR received, groundMovers, in, 686, us
EOIR received, groundMovers, in, 709, us
EOIR received, groundMovers, in, 657, us
EOIR received, groundMovers, in, 658, us
EOIR received, groundMovers, in, 739, us
EOIR received, groundMovers, in, 691, us
EOIR received, groundMovers, in, 790, us
EOIR received, groundMovers, in, 761, us
EOIR received, groundMovers, in, 754, us
EOIR received, groundMovers, in, 759, us
EOIR received, groundMovers, in, 725, us
EOIR received, groundMovers, in, 715, us
EOIR received, groundMovers, in, 784, us
EOIR received, groundMovers, in, 780, us
EOIR received, groundMovers, in, 712, us
EOIR received, groundMovers, in, 764, us
EOIR received, groundMovers, in, 675, us
EOIR received, groundMovers, in, 782, us
EOIR received, groundMovers, in, 757, us
EOIR received, groundMovers, in, 746, us
EOIR received, groundMovers, in, 756, us
EOIR received, groundMovers, in, 656, us
EOIR received, groundMovers, in, 606, us
EOIR received, groundMovers, in, 657, us
EOIR received, groundMovers, in, 680, us
EOIR received, groundMovers, in, 646, us
EOIR received, groundMovers, in, 688, us
EOIR received, groundMovers, in, 759, us
EOIR received, groundMovers, in, 683, us
EOIR received, groundMovers, in, 589, us
EOIR received, groundMovers, in, 734, us
EOIR received, groundMovers, in, 704, us
EOIR received, groundMovers, in, 728, us
EOIR received, groundMovers, in, 758, us
EOIR received, groundMovers, in, 650, us
EOIR received, groundMovers, in, 961, us
EOIR received, groundMovers, in, 788, us
EOIR received, groundMovers, in, 832, us
EOIR received, groundMovers, in, 710, us
EOIR received, groundMovers, in, 901, us
EOIR received, groundMovers, in, 775, us
EOIR received, groundMovers, in, 805, us
EOIR received, groundMovers, in, 770, us
EOIR received, groundMovers, in, 807, us
EOIR received, groundMovers, in, 793, us
EOIR received, groundMovers, in, 858, us
EOIR received, groundMovers, in, 732, us
EOIR received, groundMovers, in, 746, us
EOIR received, groundMovers, in, 753, us
EOIR received, groundMovers, in, 714, us
EOIR received, groundMovers, in, 792, us
EOIR received, groundMovers, in, 723, us
EOIR received, groundMovers, in, 747, us
EOIR received, groundMovers, in, 738, us
EOIR received, groundMovers, in, 736, us
EOIR received, groundMovers, in, 711, us
EOIR received, groundMovers, in, 683, us
EOIR received, groundMovers, in, 627, us
EOIR received, groundMovers, in, 795, us
EOIR received, groundMovers, in, 737, us
EOIR received, groundMovers, in, 773, us
EOIR received, groundMovers, in, 825, us
EOIR received, groundMovers, in, 809, us
EOIR received, groundMovers, in, 810, us
EOIR received, groundMovers, in, 773, us
EOIR received, groundMovers, in, 709, us
EOIR received, groundMovers, in, 765, us
EOIR received, groundMovers, in, 727, us
EOIR received, groundMovers, in, 756, us
EOIR received, groundMovers, in, 770, us
EOIR received, groundMovers, in, 750, us
EOIR received, groundMovers, in, 692, us
EOIR received, groundMovers, in, 784, us
EOIR received, groundMovers, in, 757, us
EOIR received, groundMovers, in, 752, us
EOIR received, groundMovers, in, 731, us
EOIR received, groundMovers, in, 748, us
EOIR received, groundMovers, in, 721, us
EOIR received, groundMovers, in, 801, us
EOIR received, groundMovers, in, 758, us
EOIR received, groundMovers, in, 777, us
EOIR received, groundMovers, in, 704, us
EOIR received, groundMovers, in, 733, us
EOIR received, groundMovers, in, 741, us
EOIR received, groundMovers, in, 750, us
EOIR received, groundMovers, in, 725, us
EOIR received, groundMovers, in, 745, us
EOIR received, groundMovers, in, 705, us
EOIR received, groundMovers, in, 735, us
EOIR received, groundMovers, in, 643, us
EOIR received, groundMovers, in, 789, us
EOIR received, groundMovers, in, 616, us
EOIR received, groundMovers, in, 776, us
EOIR received, groundMovers, in, 700, us
EOIR received, groundMovers, in, 741, us
EOIR received, groundMovers, in, 737, us
EOIR received, groundMovers, in, 687, us
EOIR received, groundMovers, in, 757, us
EOIR received, groundMovers, in, 779, us
EOIR received, groundMovers, in, 736, us
EOIR received, groundMovers, in, 707, us
EOIR received, groundMovers, in, 808, us
EOIR received, groundMovers, in, 768, us
EOIR received, groundMovers, in, 734, us
EOIR received, groundMovers, in, 762, us
EOIR received, groundMovers, in, 695, us
EOIR received, groundMovers, in, 765, us
EOIR received, groundMovers, in, 731, us
EOIR received, groundMovers, in, 732, us
EOIR received, groundMovers, in, 710, us
EOIR received, groundMovers, in, 731, us
EOIR received, groundMovers, in, 740, us
EOIR received, groundMovers, in, 730, us
EOIR received, groundMovers, in, 702, us
EOIR received, groundMovers, in, 697, us
EOIR received, groundMovers, in, 635, us
EOIR received, groundMovers, in, 738, us
EOIR received, groundMovers, in, 714, us
EOIR received, groundMovers, in, 712, us
EOIR received, groundMovers, in, 718, us
EOIR received, groundMovers, in, 755, us
EOIR received, groundMovers, in, 755, us
EOIR received, groundMovers, in, 785, us
EOIR received, groundMovers, in, 729, us
EOIR received, groundMovers, in, 758, us
EOIR received, requestEOIRDetections, in, 757, us
EOIR received, groundMovers, in, 770, us
EOIR received, groundMovers, in, 775, us
EOIR received, groundMovers, in, 825, us
EOIR received, groundMovers, in, 783, us
EOIR received, groundMovers, in, 830, us
EOIR received, groundMovers, in, 747, us
EOIR received, groundMovers, in, 725, us
EOIR received, groundMovers, in, 784, us
EOIR received, groundMovers, in, 758, us
EOIR received, groundMovers, in, 719, us
EOIR received, groundMovers, in, 636, us
EOIR received, groundMovers, in, 727, us
EOIR received, groundMovers, in, 550, us
EOIR received, groundMovers, in, 705, us
EOIR received, groundMovers, in, 656, us
EOIR received, groundMovers, in, 750, us
EOIR received, groundMovers, in, 712, us
EOIR received, groundMovers, in, 770, us
